date, pm25, pm10, o3, no2, so2, co
2021/4/1, 121, 159, 55, 31, 42, 11
2021/4/2, 150, 222, 55, 31, 36, 13
2021/4/3, 155, 106, 55, 28, 18, 12
2021/4/4, 143, 166, 48, 24, 16, 9
2021/4/5, 96, 200, 44, 24, 13, 13
2021/4/6, 122, 89, 37, 20, 7, 11
2021/4/7, 112, 82, 32, 24, 12, 9
2021/4/8, 116, 171, 46, 32, 21, 14
2021/4/9, 165, 166, 55, 38, 20, 14
2021/4/10, 190, 166, 59, 30, 23, 12
2021/4/11, 146, 125, 63, 28, 16, 12
2021/4/12, 134, 83, 37, 19, 10, 10
2021/4/13, 99, 72, 41, 24, 15, 10
2021/4/14, 112, 87, 37, 32, 27, 11
2021/4/15, 142, 111, 35, 15, 12, 8
2021/4/16, 116, 89, 34, 18, 5, 7
2021/4/17, 95, 98, 43, 20, 11, 9
2021/4/18, 122, 73, 33, 18, 14, 9
2021/4/19, 98, 68, 44, 18, 14, 8
2021/4/20, 120, 107, 37, 18, 15, 10
2021/4/21, 111, 116, 75, 19, 22, 9
2021/4/22, 133, 78, 42, 16, 19, 8
2021/4/23, 117, 92, 73, 20, 20, 8
2021/4/24, 150, 92, 59, 29, 15, 13
2021/4/25, 125, 93, 55, 24, 15, 12
2021/4/26, 130, 112, 44, 18, 20, 4
2021/4/27, 142, 52, 38, 20, 18, 7
2021/4/28, 95, , , , , 
2021/3/1, 134, 136, 42, 38, 10, 9
2021/3/2, 143, 96, 37, 38, 10, 11
2021/3/3, 124, 156, 37, 46, 15, 14
2021/3/4, 160, 189, 42, 40, 12, 18
2021/3/5, 165, 230, 64, 40, 27, 16
2021/3/6, 203, 55, 37, 28, 18, 10
2021/3/7, 151, 148, 32, 41, 22, 13
2021/3/8, 169, 125, 34, 31, 17, 12
2021/3/9, 147, 132, 42, 35, 18, 17
2021/3/10, 143, 181, 41, 37, 24, 13
2021/3/11, 163, 83, 38, 28, 8, 14
2021/3/12, 121, 108, 45, 33, 16, 15
2021/3/13, 137, 138, 37, 28, 13, 10
2021/3/14, 126, 96, 34, 26, 15, 8
2021/3/15, 134, 108, 36, 26, 12, 11
2021/3/16, 128, 100, 38, 27, 11, 8
2021/3/17, 130, 167, 48, 27, 19, 17
2021/3/18, 144, 185, 44, 30, 23, 14
2021/3/19, 173, 292, 55, 47, 30, 18
2021/3/20, 193, 303, 57, 45, 41, 12
2021/3/21, 202, 180, 44, 34, 25, 14
2021/3/22, 162, 143, 53, 28, 29, 8
2021/3/23, 222, 106, 36, 25, 16, 6
2021/3/24, 132, 91, 28, 26, 15, 9
2021/3/25, 111, 118, 35, 33, 10, 9
2021/3/26, 188, 88, 50, 36, 16, 13
2021/3/27, 152, 163, 39, 31, 17, 13
2021/3/28, 152, 97, 44, 17, 8, 9
2021/3/29, 135, 78, 48, 16, 14, 8
2021/3/30, 118, 112, 41, 21, 23, 10
2021/3/31, 153, 100, 41, 27, 28, 9
2021/2/1, 155, 188, 35, 49, 19, 17
2021/2/2, 159, 206, 40, 49, 16, 16
2021/2/3, 159, 188, 31, 41, 17, 10
2021/2/4, 130, 113, 28, 31, 14, 5
2021/2/5, 119, 97, 40, 27, 10, 7
2021/2/6, 126, 72, 34, 26, 9, 6
2021/2/7, 112, 95, 33, 31, 12, 7
2021/2/8, 130, 216, 32, 43, 14, 14
2021/2/9, 152, 162, 36, 49, 8, 15
2021/2/10, 203, 197, 42, 55, 13, 16
2021/2/11, 179, 134, 38, 52, 13, 19
2021/2/12, 155, 184, 54, 52, 11, 18
2021/2/13, 155, 108, 55, 53, 11, 15
2021/2/14, 170, 67, 42, 33, 8, 9
2021/2/15, 123, 134, 41, 35, 6, 11
2021/2/16, 124, 136, 39, 41, 9, 14
2021/2/17, 154, 80, 40, 34, 6, 7
2021/2/18, 119, 69, 36, 32, 10, 8
2021/2/19, 113, 85, 31, 32, 10, 9
2021/2/20, 113, 85, 38, 37, 10, 11
2021/2/21, 156, 181, 49, 49, 17, 17
2021/2/22, 161, 203, 49, 50, 13, 15
2021/2/23, 141, 170, 51, 50, 9, 20
2021/2/24, 150, 121, 35, 32, 11, 15
2021/2/25, 107, 143, 40, 31, 16, 12
2021/2/26, 119, 82, 36, 28, 10, 8
2021/2/27, 91, 119, 39, 29, 8, 9
2021/2/28, 102, 71, 43, 30, 9, 7
2021/1/4, 193, 116, 36, 28, 8, 10
2021/1/5, 178, 101, 38, 31, 6, 11
2021/1/6, 163, 85, 28, 29, 8, 10
2021/1/7, 145, 98, 24, 35, 11, 7
2021/1/8, 154, 96, 25, 41, 6, 9
2021/1/9, 162, 92, 30, 33, 5, 9
2021/1/10, 161, 80, 30, 36, 5, 10
2021/1/11, 155, 77, 33, 47, 5, 10
2021/1/12, 145, 60, 28, 58, 5, 10
2021/1/13, 128, 75, 26, 42, 3, 8
2021/1/14, 131, 164, 23, 33, 8, 12
2021/1/15, 155, 133, 26, 39, 6, 17
2021/1/16, 154, 188, 35, 47, 9, 18
2021/1/17, 175, 58, 28, 38, 7, 11
2021/1/18, 159, 136, 28, 30, 7, 8
2021/1/19, 158, 262, 28, 33, 6, 17
2021/1/20, 160, 97, 38, 32, 7, 15
2021/1/21, 150, 121, 52, 40, 10, 17
2021/1/22, 158, 72, 27, 23, 7, 10
2021/1/23, 108, 162, 28, 28, 9, 8
2021/1/24, 144, 102, 31, 30, 8, 11
2021/1/25, 135, 111, 32, 29, 12, 7
2021/1/26, 126, 101, 31, 39, 14, 13
2021/1/27, 122, 86, 55, 48, 7, 8
2021/1/28, 125, 124, 25, 35, 7, 9
2021/1/29, 126, 80, 27, 34, 9, 11
2021/1/30, 123, 123, 28, 35, 9, 10
2021/1/31, 140, 137, 31, 43, 13, 16
2020/10/1, 120, 62, 39, 15, 5, 8
2020/10/2, 95, 67, 40, 21, 6, 5
2020/10/3, 116, 72, 30, 21, 12, 7
2020/10/4, 111, 73, 72, 22, 9, 6
2020/10/5, 108, 78, 44, 29, 17, 7
2020/10/6, 114, 77, 43, 33, 11, 9
2020/10/7, 107, 79, 43, 42, 17, 6
2020/10/8, 130, 82, 40, 42, 9, 6
2020/10/9, 113, 81, 41, 48, 13, 9
2020/10/10, 148, 80, 49, 43, 12, 7
2020/10/11, 147, 78, 44, 45, 10, 8
2020/10/12, 151, 91, 36, 50, 11, 8
2020/10/13, 156, 84, 44, 41, 14, 6
2020/10/14, 145, 87, 46, 23, 12, 6
2020/10/15, 149, 75, 45, 18, 8, 9
2020/10/16, 146, 79, 35, 25, 11, 8
2020/10/17, 140, 84, 38, 23, 17, 7
2020/10/18, 142, 95, 45, 22, 13, 9
2020/10/19, 154, 104, 43, 19, 14, 8
2020/10/20, 144, 87, 50, 10, 9, 13
2020/10/21, 138, 85, 49, 21, 8, 9
2020/10/22, 124, 138, 41, 37, 11, 17
2020/10/23, 155, 54, 41, 31, 7, 18
2020/10/24, 143, 58, 48, 42, 13, 14
2020/10/25, 153, 61, 48, 33, 5, 15
2020/10/26, 113, 121, 42, 39, 11, 19
2020/10/27, 142, 86, 48, 46, 15, 11
2020/10/28, 144, 94, 54, 48, 10, 12
2020/10/29, 158, 90, 37, 35, 10, 14
2020/10/30, 154, 77, 35, 31, 11, 16
2020/10/31, 146, 77, 41, 39, 10, 14
2020/11/1, 153, 105, 70, 33, 18, 13
2020/11/2, 146, 269, 36, 28, 12, 18
2020/11/3, 140, 93, 49, 45, 16, 15
2020/11/4, 169, 90, 32, 47, 16, 15
2020/11/5, 141, 103, 40, 44, 11, 15
2020/11/6, 162, 95, 36, 49, 16, 12
2020/11/7, 158, 118, 38, 46, 10, 14
2020/11/8, 173, 109, 46, 48, 9, 12
2020/11/9, 163, 111, 44, 43, 10, 18
2020/11/10, 164, 114, 43, 47, 11, 17
2020/11/11, 179, 122, 47, 42, 10, 13
2020/11/12, 192, 107, 44, 37, 10, 12
2020/11/13, 159, 131, 42, 37, 10, 12
2020/11/14, 180, 195, 56, 30, 8, 9
2020/11/15, 242, 137, 60, 25, 7, 6
2020/11/16, 152, 97, 60, 22, 5, 7
2020/11/17, 155, 91, 57, 22, 7, 5
2020/11/18, 157, 85, 56, 28, 8, 7
2020/11/19, 139, 94, 45, 38, 7, 7
2020/11/20, 152, 89, 42, 23, 4, 8
2020/11/21, 141, 89, 220, 27, 5, 6
2020/11/22, 152, 132, 70, 49, 9, 15
2020/11/23, 163, 119, 37, 57, 7, 15
2020/11/24, 167, 110, 24, 36, 9, 14
2020/11/25, 166, 100, 35, 28, 10, 8
2020/11/26, 160, 80, 34, 25, 7, 5
2020/11/27, 136, 79, 32, 34, 8, 8
2020/11/28, 119, 96, 31, 39, 10, 11
2020/11/29, 142, 104, 95, 43, 16, 11
2020/11/30, 146, 105, 34, 47, 14, 13
2020/12/1, 148, 125, 43, 51, 12, 14
2020/12/2, 157, 121, 35, 58, 9, 14
2020/12/3, 156, 186, 39, 57, 17, 18
2020/12/4, 171, 311, 24, 73, 17, 26
2020/12/5, 197, 147, 41, 64, 10, 12
2020/12/6, 164, 120, 34, 63, 12, 13
2020/12/7, 160, 105, 39, 62, 12, 13
2020/12/8, 158, 119, 36, 58, 8, 15
2020/12/9, 163, 144, 36, 50, 16, 9
2020/12/10, 166, 34, 22, 27, 6, 6
2020/12/11, 109, 46, 26, 21, 7, 6
2020/12/12, 136, 89, 32, 23, 7, 10
2020/12/13, 153, 87, 26, 20, 8, 10
2020/12/14, 153, 86, 22, 20, 9, 8
2020/12/15, 154, 93, 46, 20, 7, 12
2020/12/16, 156, 98, 55, 23, 6, 6
2020/12/17, 153, 94, 34, 23, 16, 9
2020/12/18, 150, 85, 45, 21, 5, 8
2020/12/19, 128, 80, 37, 24, 8, 7
2020/12/20, 120, 102, 52, 27, 10, 12
2020/12/21, 135, 111, 38, 35, 8, 16
2020/12/22, 145, 182, 31, 38, 12, 16
2020/12/23, 147, 91, 37, 40, 12, 12
2020/12/24, 144, 71, 36, 26, 8, 8
2020/12/25, 132, 133, 47, 35, 7, 17
2020/12/26, 155, 87, 41, 28, 4, 6
2020/12/27, 138, 128, 31, 28, 6, 10
2020/12/28, 130, 89, 31, 30, 5, 6
2020/12/29, 128, 88, 36, 29, 5, 9
2020/12/30, 148, 91, 33, 25, 7, 9
2020/12/31, 156, 109, 34, 31, 11, 9
2021/1/1, 166, 107, 31, 37, 7, 9
2021/1/2, 159, 107, 44, 31, 5, 10
2021/1/3, 159, 186, 39, 38, 11, 12
2020/7/1, 71, 55, 43, 9, 9, 6
2020/7/2, 51, 68, 37, 13, 6, 4
2020/7/3, 70, 61, 50, 12, 10, 6
2020/7/4, 88, 41, 38, 8, 7, 4
2020/7/5, 60, 38, 26, 9, 10, 5
2020/7/6, 62, 44, 29, 7, 7, 5
2020/7/7, 56, 53, 149, 10, 8, 7
2020/7/8, 89, 51, 244, 13, 8, 5
2020/7/9, 99, 36, 191, 13, 6, 5
2020/7/10, 82, 40, 335, 11, 7, 5
2020/7/11, 71, 52, 246, 12, 10, 5
2020/7/12, 82, 62, 296, 11, 9, 5
2020/7/13, 98, 67, 295, 14, 8, 5
2020/7/14, 112, 66, 280, 14, 7, 5
2020/7/15, 103, 62, 278, 23, 10, 7
2020/7/16, 87, 45, 298, 15, 7, 6
2020/7/17, 68, 40, 364, 8, 6, 5
2020/7/18, 59, 55, 280, 10, 6, 5
2020/7/19, 84, 48, 297, 12, 7, 6
2020/7/20, 90, 39, 500, 12, 7, 4
2020/7/21, 80, 46, 263, 15, 7, 5
2020/7/22, 97, 49, 235, 15, 8, 4
2020/7/23, 98, 57, 371, 14, 4, 5
2020/7/24, 116, 55, 262, 20, 5, 7
2020/7/25, 121, 51, 280, 11, 5, 6
2020/7/26, 92, 36, 335, 17, 6, 7
2020/7/27, 83, 49, 280, 12, 6, 7
2020/7/28, 98, 48, 254, 11, 4, 7
2020/7/29, 98, 64, 237, 20, 5, 6
2020/7/30, 125, 53, 13, 17, 6, 8
2020/7/31, 119, 39, 41, 14, 7, 7
2020/8/1, 88, 41, 18, 11, 10, 8
2020/8/2, 82, 39, 27, 8, 9, 7
2020/8/3, 64, 51, 28, 9, 7, 7
2020/8/4, 64, 59, 28, 14, 8, 7
2020/8/5, 85, 39, 17, 16, 9, 7
2020/8/6, 89, 46, 24, 12, 5, 8
2020/8/7, 89, 47, 34, 13, 8, 5
2020/8/8, 84, 59, 38, 17, 9, 5
2020/8/9, 117, 81, 38, 17, 8, 7
2020/8/10, 134, 83, 40, 14, 6, 6
2020/8/11, 118, 50, 230, 12, 5, 6
2020/8/12, 82, 45, 138, 9, 6, 8
2020/8/13, 69, 43, 40, 15, 5, 8
2020/8/14, 69, 67, 28, 20, 4, 10
2020/8/15, 90, 60, 30, 19, 5, 6
2020/8/16, 93, 50, 28, 18, 6, 10
2020/8/17, 85, 45, 16, 18, 5, 11
2020/8/18, 86, 49, 21, 14, 6, 4
2020/8/19, 89, 54, 15, 13, 6, 5
2020/8/20, 100, 53, 19, 13, 5, 5
2020/8/21, 102, 52, 16, 13, 6, 3
2020/8/22, 106, 51, 20, 15, 4, 4
2020/8/23, 92, 47, 19, 16, 6, 4
2020/8/24, 67, 51, 10, 13, 5, 4
2020/8/25, 82, 51, 31, 11, 8, 5
2020/8/26, 79, 52, 30, 11, 7, 4
2020/8/27, 88, 51, 31, 11, 7, 5
2020/8/28, 77, 53, 29, 11, 5, 5
2020/8/29, 85, 49, 21, 12, 3, 6
2020/8/30, 84, 43, 27, 15, 5, 6
2020/8/31, 63, 49, 15, 12, 5, 4
2020/9/1, 89, 50, 21, 11, 5, 7
2020/9/2, 92, 70, 29, 14, 5, 4
2020/9/3, 115, 59, 28, 17, 5, 7
2020/9/4, 105, 67, 25, 17, 6, 10
2020/9/5, 115, 58, 29, 14, 5, 5
2020/9/6, 81, 53, 27, 13, 6, 8
2020/9/7, 90, 50, 27, 16, 7, 8
2020/9/8, 72, 55, 38, 20, 5, 7
2020/9/9, 91, 60, 49, 16, 8, 6
2020/9/10, 105, 54, 72, 14, 6, 6
2020/9/11, 92, 52, 44, 16, 8, 6
2020/9/12, 82, 45, 23, 13, 6, 5
2020/9/13, 60, 42, 34, 14, 9, 6
2020/9/14, 47, 46, 40, 15, 5, 7
2020/9/15, 67, 51, 42, 14, 6, 6
2020/9/16, 74, 47, 30, 14, 7, 7
2020/9/17, 90, 45, 19, 21, 7, 5
2020/9/18, 94, 54, 21, 16, 9, 6
2020/9/19, 81, 54, 31, 15, 10, 7
2020/9/20, 81, 50, 37, 15, 12, 5
2020/9/21, 67, 63, 37, 17, 9, 6
2020/9/22, 103, 73, 34, 20, 6, 7
2020/9/23, 140, 68, 36, 21, 4, 5
2020/9/24, 111, 68, 34, 21, 6, 8
2020/9/25, 124, 66, 39, 18, 7, 6
2020/9/26, 111, 64, 32, 18, 6, 4
2020/9/27, 99, 72, 38, 29, 18, 7
2020/9/28, 127, 72, 41, 23, 7, 6
2020/9/29, 127, 69, 35, 22, 6, 6
2020/9/30, 121, 65, 38, 19, 5, 6
2020/4/1, 79, 67, 32, 12, 8, 2
2020/4/2, 80, 66, 39, 18, 10, 6
2020/4/3, 94, 65, 47, 17, 13, 3
2020/4/4, 107, 66, 46, 18, 13, 3
2020/4/5, 116, 70, 42, 12, 9, 2
2020/4/6, 121, 74, 44, 7, 13, 3
2020/4/7, 116, 67, 141, 6, 14, 2
2020/4/8, 102, 68, 39, 10, 9, 2
2020/4/9, 95, 62, 37, 12, 13, 3
2020/4/10, 90, 59, 34, 15, 12, 3
2020/4/11, 90, 58, 38, 11, 8, 2
2020/4/12, 79, 51, 39, 11, 12, 3
2020/4/13, 186, 58, 35, 10, 11, 2
2020/4/14, 92, 55, 34, 8, 9, 3
2020/4/15, 75, 64, 38, 19, 11, 4
2020/4/16, 114, 61, 38, 11, 7, 2
2020/4/17, 88, 70, 35, 8, 15, 3
2020/4/18, 89, 54, 36, 6, 10, 2
2020/4/19, 69, 61, 33, 6, 12, 2
2020/4/20, 87, 60, 33, 7, 7, 3
2020/4/21, 92, 70, 37, 7, 8, 3
2020/4/22, 94, 63, 38, 6, 15, 2
2020/4/23, 92, 63, 43, 10, 8, 2
2020/4/24, 85, 57, 37, 5, 8, 3
2020/4/25, 83, 59, 41, 5, 3, 3
2020/4/26, 80, 64, 48, 8, 13, 3
2020/4/27, 92, 65, 48, 11, 19, 3
2020/4/28, 94, 61, 51, 10, 14, 5
2020/4/29, 83, 60, 55, 7, 16, 3
2020/4/30, 83, 67, 50, 5, 12, 4
2020/5/1, 85, 53, 54, 6, 12, 4
2020/5/2, 72, 54, 55, 6, 8, 5
2020/5/3, 75, 58, 56, 6, 9, 6
2020/5/4, 76, 89, 59, 12, 2, 4
2020/5/5, 95, 61, 59, 8, 4, 5
2020/5/6, 81, 60, 55, 9, 6, 3
2020/5/7, 91, 56, 54, 6, 6, 4
2020/5/8, 80, 59, 48, 7, 6, 4
2020/5/9, 75, 53, 54, 6, , 6
2020/5/10, 81, 55, 48, 6, , 5
2020/5/11, 70, 57, 55, 7, , 4
2020/5/12, 71, 56, 48, 7, 6, 3
2020/5/13, 73, 55, 52, 8, 6, 3
2020/5/14, 71, 62, 59, 8, 6, 4
2020/5/15, 64, 76, 50, 8, 6, 3
2020/5/16, 103, 53, 53, 8, 6, 5
2020/5/17, 82, 52, 53, 9, 6, 6
2020/5/18, 69, 50, 53, 11, 6, 4
2020/5/19, 76, 63, 57, 9, 6, 5
2020/5/20, 79, 65, 53, 11, , 4
2020/5/21, 97, 68, 56, 15, , 5
2020/5/22, 91, 63, 53, 9, , 5
2020/5/23, 87, 56, 55, 7, , 7
2020/5/24, 78, 57, 52, 6, , 5
2020/5/25, 77, 73, 49, 8, , 4
2020/5/26, 91, 67, 47, 9, , 7
2020/5/27, 91, 65, 46, 8, , 5
2020/5/28, 88, 63, 37, 8, , 4
2020/5/29, 75, 55, 45, 7, , 3
2020/5/30, 79, 56, 45, 6, , 3
2020/5/31, 74, 385, 46, 10, 5, 5
2020/6/1, 88, 292, 74, 19, 21, 3
2020/6/2, 278, 120, 58, 19, 11, 3
2020/6/3, 152, 62, 134, 16, 10, 7
2020/6/4, 84, 66, 129, 14, 6, 5
2020/6/5, 89, 54, 35, 18, 7, 5
2020/6/6, 94, 57, 34, 14, 6, 7
2020/6/7, 68, 58, 27, 12, 5, 5
2020/6/8, 72, 64, 36, 10, 5, 7
2020/6/9, 69, 69, 37, 9, 9, 7
2020/6/10, 75, 53, 32, 12, 8, 6
2020/6/11, 68, 68, 39, 9, 7, 7
2020/6/12, 69, 52, 25, 12, 9, 10
2020/6/13, 71, 65, 32, 12, 9, 7
2020/6/14, 75, 51, 29, 14, 9, 7
2020/6/15, 68, 64, 32, 10, 5, 7
2020/6/16, 93, 7, 26, 18, 4, 6
2020/6/17, 289, 65, 40, 15, 5, 4
2020/6/18, 32, 67, 37, 15, 4, 6
2020/6/19, 62, 60, 39, 9, 4, 4
2020/6/20, 74, 75, 34, 5, 5, 6
2020/6/21, 76, 68, 37, 7, 6, 4
2020/6/22, 61, 67, 40, 6, 6, 4
2020/6/23, 69, 56, 32, 12, 5, 6
2020/6/24, 88, 65, 38, 10, 5, 5
2020/6/25, 88, 98, 38, 13, 4, 5
2020/6/26, 102, 66, 37, 21, 5, 4
2020/6/27, 97, 76, 195, 10, 5, 4
2020/6/28, 93, 72, 289, 11, 5, 5
2020/6/29, 87, 73, 35, 25, 7, 6
2020/6/30, 108, 76, 38, 15, 6, 5
2020/1/1, 162, 87, 9, 6, 11, 7
2020/1/2, 159, 87, 9, 6, 15, 7
2020/1/3, 157, 92, 9, 9, 19, 8
2020/1/4, 147, 75, 9, 6, 19, 5
2020/1/5, 133, 80, 9, 7, 17, 8
2020/1/6, 123, 101, 9, 9, 26, 6
2020/1/7, 157, 78, 9, 7, 13, 6
2020/1/8, 135, 67, 9, 5, 19, 6
2020/1/9, 108, 77, 9, 4, 12, 6
2020/1/10, 139, 78, 9, 6, 20, 7
2020/1/11, 147, 102, 9, 9, 26, 9
2020/1/12, 166, 82, 9, 7, 33, 6
2020/1/13, 150, 31, 9, 6, 11, 5
2020/1/14, 103, 61, 9, 7, 8, 5
2020/1/15, 119, 62, 9, 5, 4, 5
2020/1/16, 112, 360, 9, 7, 17, 6
2020/1/17, 159, 74, 9, 11, 30, 6
2020/1/18, 136, 62, 9, 9, 20, 5
2020/1/19, 103, 65, 9, 6, 22, 6
2020/1/20, 102, 84, 9, 11, 36, 7
2020/1/21, 130, 82, 9, 9, 23, 5
2020/1/22, 133, 68, 9, 7, 16, 5
2020/1/23, 111, 63, 9, 11, 33, 5
2020/1/24, 106, 89, 23, 10, 51, 5
2020/1/25, 153, 120, 14, 5, 50, 16
2020/1/26, 131, 65, 19, 13, 23, 4
2020/1/27, 95, 55, 16, 7, 15, 4
2020/1/28, 63, 60, 13, 8, 38, 7
2020/1/29, 93, 67, 20, 12, 57, 6
2020/1/30, 112, 78, 19, 23, 37, 7
2020/1/31, 141, 81, 29, 23, 24, 11
2020/2/1, 136, 70, 10, 17, 15, 5
2020/2/2, 128, 76, 29, 20, 13, 6
2020/2/3, 146, 87, 30, 26, 22, 7
2020/2/4, 156, 92, 23, 27, 26, 7
2020/2/5, 157, 81, 25, 24, 23, 5
2020/2/6, 134, 89, 27, 24, 22, 9
2020/2/7, 149, 94, 34, 23, 21, 3
2020/2/8, 272, 84, 16, 18, 12, 5
2020/2/9, 157, 82, 31, 22, 15, 6
2020/2/10, 149, 95, 29, 25, 21, 6
2020/2/11, 161, 114, 32, 23, 24, 10
2020/2/12, 163, 110, 32, 21, 17, 5
2020/2/13, 163, 81, 12, 26, 23, 5
2020/2/14, 128, 91, 31, 30, 26, 7
2020/2/15, 156, 84, 31, 28, 28, 5
2020/2/16, 140, 104, 35, 20, 25, 9
2020/2/17, 122, 102, 35, 26, 29, 12
2020/2/18, 155, 122, 62, 31, 67, 6
2020/2/19, 174, 106, 33, 32, 50, 5
2020/2/20, 138, 85, 28, 23, 33, 4
2020/2/21, 128, 72, 35, 24, 19, 4
2020/2/22, 104, 75, 21, 24, 20, 4
2020/2/23, 138, 94, 36, 33, 19, 5
2020/2/24, 147, 139, 34, 44, 42, 8
2020/2/25, 153, 157, 24, 57, 61, 11
2020/2/26, 196, 109, 33, 43, 34, 14
2020/2/27, 166, 106, 35, 41, 32, 12
2020/2/28, 145, 90, 36, 33, 32, 10
2020/2/29, 133, 84, 21, 26, 34, 9
2020/3/1, 128, 98, 22, 28, 35, 9
2020/3/2, 134, 112, 14, 29, 70, 11
2020/3/3, 164, 85, 39, 13, 28, 6
2020/3/4, 120, 80, 29, 10, 32, 4
2020/3/5, 113, 87, 25, 13, 36, 3
2020/3/6, 127, 92, 35, 18, 18, 4
2020/3/7, 122, 68, , 21, 18, 5
2020/3/8, 189, 68, 35, 13, 17, 4
2020/3/9, 103, 69, 6, 7, 11, 3
2020/3/10, 102, 64, 6, 9, 9, 2
2020/3/11, 92, 79, 7, 13, 17, 2
2020/3/12, 104, 72, 33, 11, 10, 2
2020/3/13, 108, 78, 31, 15, 21, 3
2020/3/14, 111, 80, 25, 14, 13, 2
2020/3/15, 110, 67, 40, 15, 12, 3
2020/3/16, 103, 82, 38, 16, 15, 6
2020/3/17, 130, 84, 42, 19, 18, 6
2020/3/18, 137, 101, 25, 19, 31, 4
2020/3/19, 175, 72, 25, 14, 27, 3
2020/3/20, 116, 89, 28, 13, 39, 5
2020/3/21, 155, 85, 23, 7, 20, 6
2020/3/22, 122, 76, 39, 14, 15, 3
2020/3/23, 112, 71, 38, 10, 20, 4
2020/3/24, 93, 69, 28, 16, 26, 11
2020/3/25, 99, 67, 32, 10, 14, 2
2020/3/26, 111, 33, 26, 8, 7, 3
2020/3/27, 77, 59, 30, 16, 7, 2
2020/3/28, 101, 61, 29, 12, 10, 3
2020/3/29, 71, 67, 26, 16, 8, 2
2020/3/30, 86, 71, 31, 9, 15, 2
2020/3/31, 86, 66, 29, 9, 10, 3
2019/10/1, 83, 76, 26, 55, 53, 31
2019/10/2, 132, 86, 32, 46, 43, 30
2019/10/3, 126, 86, 37, 47, 48, 36
2019/10/4, 122, 92, 31, 75, 58, 35
2019/10/5, 139, 81, 64, 56, 59, 28
2019/10/6, 148, 108, 58, 71, 55, 38
2019/10/7, 178, 99, 68, 70, 58, 34
2019/10/8, 152, 125, 65, 80, 54, 25
2019/10/9, 178, 120, 59, 79, 54, 38
2019/10/10, 190, 99, 85, 84, 55, 34
2019/10/11, 141, 129, 92, 92, 62, 24
2019/10/12, 185, 191, 13, 79, , 
2019/10/13, 245, 166, 67, 75, 61, 10
2019/10/14, 168, 130, 80, 84, 58, 32
2019/10/15, 165, 121, 89, 83, 54, 20
2019/10/16, 169, 112, 81, 86, 51, 30
2019/10/17, 174, 110, 75, 85, , 19
2019/10/18, 182, 100, 76, 74, 41, 7
2019/10/19, 167, 87, 57, 71, 43, 6
2019/10/20, 167, 82, 81, 56, 44, 3
2019/10/21, 163, 87, 83, 50, 45, 3
2019/10/22, 166, 64, 66, 53, 46, 3
2019/10/23, 125, 76, 94, 60, 46, 4
2019/10/24, 130, 97, 90, 76, 53, 6
2019/10/25, 161, 77, 94, 40, 37, 2
2019/10/26, 146, 63, 63, 32, 48, 4
2019/10/27, 141, 104, 28, 31, 43, 2
2019/10/28, 146, 69, 30, 27, 43, 2
2019/10/29, 101, 43, 32, 33, 52, 11
2019/10/30, 57, 90, 40, 52, 49, 13
2019/10/31, 127, 95, 34, 52, 53, 9
2019/11/1, 145, 78, 21, 40, 49, 8
2019/11/2, 110, 56, 23, 48, 52, 11
2019/11/3, 94, 79, 60, 76, 52, 8
2019/11/4, 153, 88, 75, 84, 55, 10
2019/11/5, 164, 108, 70, 77, 46, 8
2019/11/6, 181, 61, 29, 74, 59, 9
2019/11/7, 134, 69, 19, 67, 61, 8
2019/11/8, 149, 76, 27, 68, 60, 9
2019/11/9, 132, 89, 27, 66, 60, 8
2019/11/10, 156, 108, 27, 79, , 12
2019/11/11, 165, 142, 27, 99, , 12
2019/11/12, 169, 107, 21, 89, , 12
2019/11/13, 169, 81, 16, 84, 58, 9
2019/11/14, 132, 70, 6, 53, 57, 11
2019/11/15, 115, 86, 7, 63, 59, 11
2019/11/16, 159, 62, 6, 59, 55, 15
2019/11/17, 146, 70, 6, 67, 57, 15
2019/11/18, 143, 65, 6, 52, 60, 6
2019/11/19, 133, 69, 7, 45, 67, 13
2019/11/20, 115, 68, 7, 51, 59, 7
2019/11/21, 135, 70, 6, 46, 74, 7
2019/11/22, 140, 75, 7, 50, 54, 6
2019/11/23, 144, 72, 6, 45, 55, 7
2019/11/24, 147, 77, 6, 52, 53, 10
2019/11/25, 161, 73, 36, 43, 56, 9
2019/11/26, 145, 75, 32, 44, 57, 6
2019/11/27, 136, 65, 25, 59, 65, 9
2019/11/28, 106, 66, 26, 47, 76, 9
2019/11/29, 132, 66, 22, 39, 61, 9
2019/11/30, 129, 62, 23, 37, 55, 6
2019/12/1, 119, 61, 23, 27, 50, 5
2019/12/2, 128, 61, 25, 24, 54, 6
2019/12/3, 128, 70, 23, 27, 45, 5
2019/12/4, 138, 78, 21, 35, 25, 5
2019/12/5, 149, 84, 21, 32, 16, 4
2019/12/6, 151, 106, 27, 41, 14, 5
2019/12/7, 173, 90, 28, 37, 15, 5
2019/12/8, 170, 85, 30, 22, 19, 4
2019/12/9, 162, 94, 22, 15, 25, 6
2019/12/10, 166, 83, 23, 10, 24, 9
2019/12/11, 154, 78, 14, 6, 29, 1
2019/12/12, 139, 69, 13, 4, 11, 1
2019/12/13, 128, 72, 13, 6, 12, 2
2019/12/14, 147, 66, 14, 4, 7, 1
2019/12/15, 122, 68, 20, 9, 8, 3
2019/12/16, 117, 73, 14, 11, 12, 3
2019/12/17, 133, 82, 11, 12, 13, 5
2019/12/18, 156, 109, 8, 11, 18, 10
2019/12/19, 174, 98, 10, 10, 15, 1
2019/12/20, 169, 75, 5, 15, 34, 7
2019/12/21, 135, 74, 4, 7, 16, 3
2019/12/22, 150, 71, 2, 7, 29, 7
2019/12/23, 148, 70, 2, 9, 32, 9
2019/12/24, 133, 72, 3, 8, 31, 6
2019/12/25, 138, 70, 9, 14, 23, 5
2019/12/26, 136, 60, 8, 22, 25, 5
2019/12/27, 102, 60, 9, 17, 31, 6
2019/12/28, 111, 69, 9, 19, 23, 8
2019/12/29, 130, , , , , 
2019/7/1, 118, 80, 44, 52, 24, 13
2019/7/2, 118, 70, 28, 49, 23, 14
2019/7/3, 119, 74, 11, 68, 22, 15
2019/7/4, 124, 81, 14, 49, 17, 15
2019/7/5, 128, 73, 11, 79, 20, 14
2019/7/6, 124, 62, 33, 64, 16, 13
2019/7/7, 100, 79, 16, 52, 15, 14
2019/7/8, 107, 83, 19, 61, 15, 13
2019/7/9, 116, 87, 25, 73, 15, 12
2019/7/10, 122, 81, 17, 47, 40, 11
2019/7/11, 118, 77, 20, 49, 41, 11
2019/7/12, 114, 73, 21, 54, 44, 12
2019/7/13, 108, 78, 31, 45, 45, 11
2019/7/14, 116, 81, 22, 53, 56, 11
2019/7/15, 116, 80, 20, 47, 59, 12
2019/7/16, 109, 80, 22, 50, 51, 12
2019/7/17, 100, 75, 29, 48, 53, 13
2019/7/18, 94, 83, 45, 61, 47, 13
2019/7/19, 123, 88, 58, 67, 46, 14
2019/7/20, 134, 75, 72, 71, 40, 16
2019/7/21, 128, 64, 75, 53, 26, 15
2019/7/22, 106, 124, 38, 75, 17, 17
2019/7/23, 160, 109, 43, 46, 23, 18
2019/7/24, 129, 106, 19, 71, 25, 14
2019/7/25, 129, 72, 28, 14, 28, 
2019/7/26, 124, 72, 31, 19, 45, 
2019/7/27, 111, 73, 28, 13, 41, 
2019/7/28, 115, 119, 45, 19, 35, 
2019/7/29, 115, , 21, 13, 31, 12
2019/7/30, 114, , 24, 22, 26, 6
2019/7/31, 87, 78, 16, 10, 25, 13
2019/8/1, 120, 92, 24, 20, 25, 12
2019/8/2, 143, 82, 17, 13, 20, 10
2019/8/3, 123, 76, 27, 16, 19, 10
2019/8/4, 104, 99, 31, 14, 21, 12
2019/8/5, 116, 113, 36, 25, 19, 12
2019/8/6, 130, 122, 19, 13, 20, 11
2019/8/7, 147, 120, 25, 21, 19, 13
2019/8/8, 133, 71, 26, 32, 21, 12
2019/8/9, 114, 43, 18, 18, 22, 12
2019/8/10, 71, 70, 20, 17, 19, 11
2019/8/11, 105, 103, 28, 22, 20, 10
2019/8/12, 126, 110, 37, 22, 18, 8
2019/8/13, 116, 115, 31, 16, 20, 10
2019/8/14, 128, 81, 23, 23, 19, 11
2019/8/15, 122, 60, 24, 19, 21, 11
2019/8/16, 84, 94, 32, 18, 20, 13
2019/8/17, 113, 90, 39, 32, 18, 9
2019/8/18, 119, 115, 30, 27, 13, 4
2019/8/19, 109, 92, 45, 22, 22, 8
2019/8/20, 122, 98, 53, 26, 20, 9
2019/8/21, 102, 118, 53, 29, 21, 9
2019/8/22, 117, 114, 46, 24, 25, 8
2019/8/23, 124, 94, 60, 25, 18, 7
2019/8/24, 113, 83, 54, 26, 19, 8
2019/8/25, 89, 105, 17, 25, 27, 12
2019/8/26, 115, 94, 15, 16, 22, 15
2019/8/27, 148, 66, 45, 21, 20, 11
2019/8/28, 103, 69, 20, 21, 30, 9
2019/8/29, 108, 82, 25, 19, 24, 7
2019/8/30, 112, 78, 26, 21, 22, 5
2019/8/31, 104, 66, 36, 21, 23, 6
2019/9/1, 92, 56, 32, 23, 24, 8
2019/9/2, 79, 64, 35, 22, 25, 8
2019/9/3, 112, 65, 61, 28, 24, 8
2019/9/4, 107, 54, 69, 38, 25, 11
2019/9/5, 115, 60, 81, 37, 25, 8
2019/9/6, 130, 61, 35, 24, 24, 6
2019/9/7, 100, 51, 48, 21, 21, 6
2019/9/8, 95, 55, 50, 27, 26, 8
2019/9/9, 105, 57, 17, 30, 25, 12
2019/9/10, 122, 121, 14, 20, 36, 6
2019/9/11, 146, , 17, 18, 26, 13
2019/9/13, 146, , 9, 30, 32, 18
2019/9/14, 128, 108, 17, 20, 32, 17
2019/9/15, 134, 76, 21, 24, 31, 12
2019/9/16, 101, 74, 29, 91, 30, 9
2019/9/17, 117, 86, 44, 42, 15, 5
2019/9/18, 127, 90, 19, 59, 33, 5
2019/9/19, 146, 48, 27, 27, 35, 34
2019/9/20, 80, 57, 29, 58, 40, 46
2019/9/21, 107, 65, 39, 58, 44, 39
2019/9/22, 123, 77, 33, 52, 47, 42
2019/9/23, 141, 67, 42, 55, 47, 34
2019/9/24, 133, 74, 48, 52, 38, 43
2019/9/25, 142, 49, 26, 44, 44, 33
2019/9/26, 105, 36, 18, 36, 41, 37
2019/9/27, 84, 43, 16, 45, 41, 25
2019/9/28, 90, 40, 19, 35, 50, 33
2019/9/29, 68, 32, 23, 29, 46, 28
2019/9/30, 70, 44, 44, 42, 55, 24
2019/4/1, 172, , 23, 44, 7, 3
2019/4/2, 188, , 22, 41, 6, 4
2019/4/3, 180, , 18, 38, 4, 3
2019/4/4, 168, , 14, 34, 5, 3
2019/4/5, 172, , 15, 32, 6, 4
2019/4/6, 175, , 12, 25, 8, 4
2019/4/7, 173, , 14, 31, 5, 4
2019/4/8, 158, , 13, 28, 5, 4
2019/4/9, 153, , 11, 17, 2, 5
2019/4/10, 145, , 13, 19, 3, 4
2019/4/11, 158, , 15, 30, 4, 4
2019/4/12, 157, , 23, 31, 2, 5
2019/4/13, 155, , 36, 25, 3, 6
2019/4/14, 149, , 25, 28, 14, 5
2019/4/15, 282, , 28, 26, 24, 7
2019/4/16, 244, , 43, 27, 38, 13
2019/4/17, 179, , 48, 33, 17, 6
2019/4/18, 173, , 48, 43, 28, 6
2019/4/19, 142, , 66, 57, 41, 7
2019/4/20, 160, , 45, 35, 24, 7
2019/4/21, 140, , 53, 42, 33, 6
2019/4/22, 170, , 46, 38, 33, 7
2019/4/23, 162, , 33, 19, 24, 7
2019/4/24, 155, , , , , 
2019/4/28, 168, , 36, 22, 22, 6
2019/4/29, 179, , 40, 29, 20, 9
2019/4/30, 202, , 40, 31, 33, 7
2019/5/1, 181, , 63, 34, 45, 7
2019/5/2, 175, , 37, 27, 40, 8
2019/5/3, 165, , 1, 24, 31, 7
2019/5/4, 158, , 1, 26, 51, 7
2019/5/5, 162, , 1, 33, 39, 6
2019/5/6, 155, , 1, 31, 28, 5
2019/5/7, 140, , 1, 25, 40, 6
2019/5/8, 153, , 1, 19, 21, 5
2019/5/9, 125, , , , , 2
2019/5/10, 93, , , , , 
2019/5/14, 126, 84, 34, 39, 58, 7
2019/5/15, 105, 81, 34, 36, 40, 6
2019/5/16, 97, 88, 24, 35, 40, 7
2019/5/17, 100, 96, 28, 34, 38, 8
2019/5/18, 96, 78, 27, 31, 35, 13
2019/5/19, 94, 82, 36, 37, 38, 12
2019/5/20, 102, 74, 30, 37, 37, 11
2019/5/21, 77, 74, 33, 35, 40, 13
2019/5/22, 84, 90, 31, 41, 45, 13
2019/5/23, 111, 97, 35, 42, 52, 11
2019/5/24, 124, 101, 37, 40, 55, 13
2019/5/25, 133, 111, 38, 46, 52, 14
2019/5/26, 143, 104, 39, 51, 56, 13
2019/5/27, 137, 101, 37, 47, 51, 15
2019/5/28, 123, 93, 34, 32, 38, 13
2019/5/29, 107, 100, 39, 41, 55, 13
2019/5/30, 122, 91, 30, 38, 54, 16
2019/5/31, 124, 94, 31, 31, 56, 17
2019/6/1, 121, 82, 31, 31, 52, 14
2019/6/2, 111, 90, 42, 33, 53, 15
2019/6/3, 122, 81, 80, 35, 53, 13
2019/6/4, 110, 79, 80, 27, 46, 14
2019/6/5, 106, 86, 60, 31, 43, 12
2019/6/6, 100, 85, 83, 55, 15, 15
2019/6/7, 89, 90, 81, 69, 29, 13
2019/6/8, 122, 83, 88, 67, 52, 12
2019/6/9, 97, 80, 77, 59, 50, 11
2019/6/10, 98, 76, 87, 60, 45, 10
2019/6/11, 97, 102, 75, 66, 39, 15
2019/6/12, 115, 60, 59, 56, 29, 12
2019/6/13, 79, 74, 48, 52, 30, 12
2019/6/14, 82, 71, 30, 53, 24, 14
2019/6/15, 95, 76, 25, 47, 14, 14
2019/6/16, 95, 75, 13, 53, 20, 13
2019/6/17, 84, 58, 14, 61, 12, 13
2019/6/18, 81, 126, 2, 68, 18, 7
2019/6/19, 135, 85, 43, 63, 16, 11
2019/6/20, 113, 74, 93, 61, 12, 10
2019/6/21, 102, 99, 64, 69, 13, 7
2019/6/22, 144, 74, 75, 64, 19, 9
2019/6/23, 122, 80, 81, 91, 18, 14
2019/6/24, 128, 71, 77, 77, 10, 13
2019/6/25, 123, 91, 33, 87, 14, 15
2019/6/26, 157, 77, 39, 78, 17, 16
2019/6/27, 144, 74, 23, 75, 21, 15
2019/6/28, 126, 79, 11, 84, 18, 16
2019/6/29, 140, 81, 37, 49, 14, 15
2019/6/30, 132, 75, 37, 70, 19, 14
2019/1/1, 183, , 39, 49, 24, 4
2019/1/2, 210, , 34, 35, 28, 4
2019/1/3, 200, , 37, 43, 34, 4
2019/1/4, 177, , 51, 51, 41, 5
2019/1/5, 183, , 34, 33, 26, 4
2019/1/6, 156, , 37, 34, 24, 4
2019/1/7, 158, , 38, 37, 28, 5
2019/1/8, 168, , 39, 42, 30, 4
2019/1/9, 164, , 35, 36, 29, 5
2019/1/10, 162, , 37, 38, 34, 7
2019/1/11, 159, , 41, 34, 31, 5
2019/1/12, 149, , 38, 38, 32, 4
2019/1/13, 189, , 42, 28, 17, 5
2019/1/14, 160, , 40, 16, 14, 5
2019/1/15, 155, , 48, 53, 32, 9
2019/1/16, 218, , 36, 46, 28, 5
2019/1/17, 191, , 35, 45, 39, 5
2019/1/18, 170, , 30, 37, 28, 5
2019/1/19, 154, , 35, 48, 38, 5
2019/1/20, 165, , 28, 40, 44, 5
2019/1/21, 208, , 21, 25, 29, 4
2019/1/22, 150, , 35, 38, 39, 5
2019/1/23, 163, , 34, 37, 42, 4
2019/1/24, 155, , 31, 29, 29, 4
2019/1/25, 133, , 8, 30, 29, 4
2019/1/26, 125, , , 27, 18, 4
2019/1/27, 126, , 26, 31, 19, 5
2019/1/28, 146, , 31, 36, 19, 4
2019/1/29, 154, , 33, 38, 36, 5
2019/1/30, 136, , 50, 51, 44, 5
2019/1/31, 164, , 30, 35, 40, 5
2019/2/1, 160, , 35, 30, 33, 4
2019/2/2, 126, , 39, 36, 29, 5
2019/2/3, 141, , 32, 37, 28, 5
2019/2/4, 176, , 46, 53, 35, 5
2019/2/5, 168, , 35, 30, 27, 5
2019/2/6, 120, , 31, 20, 21, 5
2019/2/7, 170, , 31, 25, 20, 4
2019/2/8, 176, , 36, 36, 20, 6
2019/2/9, 124, , 38, 35, 25, 4
2019/2/10, 112, , 41, 40, 25, 5
2019/2/11, 123, , 39, 35, 26, 5
2019/2/12, 136, , 52, 39, 43, 6
2019/2/13, 161, , 47, 30, 19, 5
2019/2/14, 146, , 41, 48, 20, 4
2019/2/15, 152, , 42, 34, 20, 4
2019/2/16, 120, , 47, 39, 25, 4
2019/2/17, 129, , 42, 48, 40, 4
2019/2/18, 158, , 35, 28, 21, 4
2019/2/19, 114, , 33, 39, 19, 4
2019/2/20, 138, , 19, 17, 11, 4
2019/2/21, 96, , 10, 22, 10, 4
2019/2/22, 106, , 35, 31, 21, 4
2019/2/23, 98, , 39, 35, 25, 4
2019/2/24, 139, , 35, 22, 19, 3
2019/2/25, 124, , 25, 20, 16, 3
2019/2/26, 142, , 31, 24, 14, 4
2019/2/27, 128, , 37, 34, 25, 4
2019/2/28, 96, , 37, 39, 24, 4
2019/3/1, 117, , 48, 32, 30, 4
2019/3/2, 123, , 16, 22, 23, 4
2019/3/3, 146, , 33, 19, 13, 4
2019/3/4, 129, , 44, 31, 17, 3
2019/3/5, 108, , 42, 33, 22, 4
2019/3/6, 121, , 45, 33, 24, 4
2019/3/7, 130, , 32, 25, 22, 4
2019/3/8, 122, , 38, 21, 7, 4
2019/3/9, 129, , 49, 36, 30, 3
2019/3/10, 118, , 35, 22, 18, 5
2019/3/11, 123, , 46, 47, 30, 4
2019/3/12, 143, , 44, 50, 37, 4
2019/3/13, 165, , 37, 28, 12, 5
2019/3/14, 132, , 44, 39, 23, 3
2019/3/15, 146, , 44, 43, 29, 4
2019/3/16, 148, , 51, 45, 27, 4
2019/3/17, 152, , 46, 48, 20, 5
2019/3/18, 144, , 45, 44, 20, 5
2019/3/19, 163, , 22, 27, 19, 4
2019/3/20, 155, , 35, 27, 18, 5
2019/3/21, 139, , 39, 30, 14, 4
2019/3/22, 151, , 44, 44, 27, 4
2019/3/23, 160, , 34, 32, 19, 4
2019/3/24, 166, , 33, 37, 30, 5
2019/3/25, 148, , 40, 40, 30, 5
2019/3/26, 154, , 53, 40, 33, 4
2019/3/27, 152, , 37, 41, 40, 4
2019/3/28, 190, , 20, 28, 21, 3
2019/3/29, 204, , 15, 31, 4, 5
2019/3/30, 164, , 21, 27, 5, 5
2019/3/31, 158, , 25, 40, 7, 4
2018/11/30, 167, , 27, 36, 24, 11
2018/12/1, 172, , 23, 44, 32, 6
2018/12/2, 169, , 27, 43, 20, 4
2018/12/3, 166, , 24, 36, 16, 4
2018/12/4, 174, , 15, 42, 12, 4
2018/12/5, 171, , , , , 
2018/12/7, 176, , 31, 35, 25, 4
2018/12/8, 158, , 31, 40, 22, 4
2018/12/9, 156, , 25, 49, 29, 4
2018/12/10, 171, , 13, 51, 55, 5
2018/12/11, 194, , , , , 
2018/12/15, 147, , 34, 20, 10, 4
2018/12/16, 141, , 36, 25, 14, 4
2018/12/17, 140, , 34, 33, 17, 5
2018/12/18, 294, , 37, 45, 30, 5
2018/12/19, 191, , 32, 36, 41, 5
2018/12/20, 180, , , 39, 29, 4
2018/12/21, 168, , 36, 42, 39, 5
2018/12/22, 185, , 37, 42, 28, 4
2018/12/23, 183, , 35, 43, 27, 5
2018/12/24, 158, , 39, 43, 31, 4
2018/12/25, 158, , 36, 36, 27, 4
2018/12/26, 171, , 33, 33, 31, 4
2018/12/27, 157, , 30, 38, 34, 4
2018/12/28, 162, , 30, 38, 29, 4
2018/12/29, 151, , 36, 38, 29, 4
2018/12/30, 149, , , , , 
2018/4/3, 149, , 36, 27, 28, 14
2018/4/4, 148, , 30, 32, 32, 17
2018/4/5, 181, , 10, 21, 35, 12
2018/4/6, 183, , 40, 30, 26, 13
2018/4/7, 169, , 38, 29, 39, 14
2018/4/8, 227, , 36, 26, 23, 9
2018/4/9, 169, , 21, 29, 45, 13
2018/4/10, 193, , 15, 28, 42, 13
2018/4/11, 172, , 23, 26, 34, 12
2018/4/12, 170, , , , , 
2018/1/1, 168, , 77, 35, 46, 8
2018/1/2, 162, , 78, 32, 33, 7
2018/1/3, 149, , 138, 46, 48, 16
2018/1/4, 163, , 29, 80, 50, 12
2018/1/5, 160, , 38, 65, 52, 13
2018/1/6, 163, , 34, 61, 49, 13
2018/1/7, 163, , 34, 59, 46, 11
2018/1/8, 165, , 34, 40, 42, 7
2018/1/9, 158, , 29, 56, 52, 11
2018/1/10, 160, , 39, 55, 44, 16
2018/1/11, 172, , 28, 60, 49, 23
2018/1/12, 190, , 22, 55, 50, 10
2018/1/13, 163, , 1, 56, 31, 21
2018/1/14, 208, , 30, 49, 41, 10
2018/1/15, 176, , 5, 61, 48, 14
2018/1/16, 169, , 17, 30, 41, 11
2018/1/17, 167, , 21, 32, 32, 8
2018/1/18, 128, , 30, 39, 44, 11
2018/1/19, 167, , 33, 62, 54, 22
2018/1/20, 170, , 25, 101, 73, 28
2018/1/21, 179, , 34, 67, 58, 10
2018/1/22, 175, , 27, 39, 42, 9
2018/1/23, 145, , 30, 59, 52, 19
2018/1/24, 176, , 39, 68, 71, 28
2018/1/25, 199, , 38, 69, 58, 22
2018/1/26, 181, , 45, 61, 67, 10
2018/1/27, 178, , 40, 49, 59, 15
2018/1/28, 169, , 37, 73, 54, 18
2018/1/29, 181, , 38, 84, 65, 24
2018/1/30, 187, , 24, 76, 96, 38
2018/1/31, 189, , 29, 82, 127, 35
2018/2/1, 264, , 34, 70, 57, 13
2018/2/2, 171, , 3, 99, 56, 16
2018/2/3, 172, , 3, 96, 55, 15
2018/2/4, 173, , 28, 87, 62, 17
2018/2/5, 169, , 22, 71, 81, 17
2018/2/6, 180, , 44, 73, 61, 14
2018/2/7, 188, , 38, 62, 56, 12
2018/2/8, 154, , 33, 76, 81, 23
2018/2/9, 178, , 33, 74, 188, 30
2018/2/10, 259, , 20, 47, 126, 10
2018/2/11, 166, , 31, 48, 95, 11
2018/2/12, 165, , 34, 46, 40, 7
2018/2/13, 153, , 28, 45, 42, 9
2018/2/14, 156, , 35, 51, 51, 10
2018/2/15, 136, , 31, 79, 70, 14
2018/2/16, 163, , 35, 77, 57, 18
2018/2/17, 165, , 45, 79, 104, 28
2018/2/18, 284, , 46, 76, 144, 50
2018/2/19, 298, , 28, 72, 71, 32
2018/2/20, 198, , 43, 74, 61, 20
2018/2/21, 174, , 29, 62, 58, 24
2018/2/22, 172, , 26, 63, 116, 24
2018/2/23, 208, , , , , 
2018/2/25, 112, , 24, 60, 57, 13
2018/2/26, 133, , 24, 66, 68, 13
2018/2/27, 145, , 47, 78, 73, 15
2018/2/28, 145, , 13, 53, 60, 8
2018/3/1, 146, , , 48, 61, 8
2018/3/2, 145, , 30, 47, 37, 9
2018/3/3, 115, , 28, 35, 40, 11
2018/3/4, 101, , 19, 54, 51, 11
2018/3/5, 96, , 32, 57, 65, 18
2018/3/6, 107, , 27, 52, 74, 10
2018/3/7, 95, , , , , 
2018/3/27, 203, , 31, 22, 56, 8
2018/3/28, 216, , 41, 65, 99, 20
2018/3/29, 212, , 37, 43, 123, 25
2018/3/30, 233, , 3, 60, 206, 18
2018/3/31, 291, , , , , 
2017/10/10, 149, , 6, 15, 4, 7
2017/10/11, 146, , , , , 
2017/10/18, 161, , , , , 
2017/10/20, 190, , 67, 33, 39, 13
2017/10/21, 208, , 30, 19, 34, 5
2017/10/22, 145, , 30, 16, 37, 9
2017/10/23, 136, , 31, 22, 37, 9
2017/10/24, 154, , 34, 27, 53, 22
2017/10/25, 164, , 50, 34, 47, 32
2017/10/26, 196, , 85, 44, 71, 27
2017/10/27, 212, , 11, 45, 48, 28
2017/10/28, 171, , 78, 49, 50, 18
2017/10/29, 174, , , , , 
2017/10/31, 168, , 44, 37, 52, 24
2017/11/1, 186, , 40, 39, 55, 30
2017/11/2, 187, , 74, 48, 51, 17
2017/11/3, 192, , 43, 44, 60, 9
2017/11/4, 186, , 67, 38, 56, 10
2017/11/5, 200, , 36, 37, 45, 16
2017/11/6, 169, , 28, 50, 53, 16
2017/11/7, 159, , 64, 47, 52, 22
2017/11/8, 170, , 70, 54, 65, 18
2017/11/9, 171, , 59, 37, 36, 16
2017/11/10, 167, , 62, 48, 51, 19
2017/11/11, 183, , 68, 47, 54, 17
2017/11/12, 173, , 64, 44, 52, 32
2017/11/13, 186, , 98, 64, 98, 36
2017/11/14, 270, , 34, 18, 51, 21
2017/11/15, 224, , 15, 9, 48, 7
2017/11/16, 165, , 27, 23, 42, 8
2017/11/17, 203, , 18, 33, 53, 10
2017/11/18, 202, , 33, 34, 48, 10
2017/11/19, 177, , 63, 34, 40, 8
2017/11/20, 186, , 55, 37, 48, 11
2017/11/21, 184, , 19, 21, 25, 8
2017/11/22, 172, , 19, 28, 33, 10
2017/11/23, 164, , 68, 40, 56, 14
2017/11/24, 173, , 65, 53, 55, 21
2017/11/25, 178, , 60, 52, 58, 17
2017/11/26, 190, , 73, 47, 58, 21
2017/11/27, 175, , 73, 55, 58, 21
2017/11/28, 188, , 74, 49, 48, 10
2017/11/29, 166, , 40, 45, 56, 14
2017/11/30, 173, , 22, 44, 70, 11
2017/12/1, 164, , 70, 32, 47, 7
2017/12/2, 168, , 71, 28, 46, 5
2017/12/3, 150, , 61, 26, 40, 6
2017/12/4, 157, , 23, 25, 27, 6
2017/12/5, 166, , 37, 14, 15, 4
2017/12/6, 151, , 29, 26, 20, 7
2017/12/7, 157, , 34, 27, 37, 6
2017/12/8, 143, , 27, 32, 55, 7
2017/12/9, 170, , 16, 34, 46, 11
2017/12/10, 150, , 30, 26, 69, 12
2017/12/11, 173, , 23, 29, 45, 7
2017/12/12, 138, , 41, 41, 57, 8
2017/12/13, 156, , 35, 36, 56, 6
2017/12/14, 158, , 45, 34, 57, 7
2017/12/15, 166, , 43, 26, 43, 10
2017/12/16, 164, , 50, 20, 47, 3
2017/12/17, 154, , 31, 28, 46, 5
2017/12/18, 153, , 39, 32, 54, 4
2017/12/19, 139, , 9, 18, 16, 5
2017/12/20, 145, , 41, 25, 42, 5
2017/12/21, 155, , 57, 28, 47, 5
2017/12/22, 154, , 37, 36, 50, 10
2017/12/23, 156, , 53, 47, 65, 11
2017/12/24, 172, , 60, 41, 62, 11
2017/12/25, 155, , 38, 39, 58, 8
2017/12/26, 157, , 46, 40, 49, 11
2017/12/27, 150, , 54, 45, 79, 16
2017/12/28, 180, , 56, 43, 69, 12
2017/12/29, 172, , 84, 43, 75, 9
2017/12/30, 166, , , 66, 110, 11
2017/12/31, 174, , 62, 38, 51, 8
2017/9/26, 155, , , , , 
2017/9/28, 140, , 17, 8, 9, 2
2017/9/29, 122, , , , , 
2017/1/2, 183, , 75, 32, 21, 18
2017/1/3, 186, , 120, 44, 24, 23
2017/1/4, 191, , 117, 46, 33, 27
2017/1/5, 217, , 72, 37, 34, 15
2017/1/6, 195, , 36, 25, 26, 8
2017/1/7, 154, , 88, 21, 24, 6
2017/1/8, 157, , 86, 23, 26, 7
2017/1/9, 168, , 80, 28, 37, 10
2017/1/10, 168, , 102, 30, 31, 9
2017/1/11, 161, , 97, 30, 35, 8
2017/1/12, 150, , 89, 22, 28, 5
2017/1/13, 134, , 102, 18, 19, 4
2017/1/14, 117, , 130, 28, 25, 15
2017/1/15, 365, , 81, 26, 39, 9
2017/1/16, 343, , 98, 32, 41, 9
2017/1/17, 149, , 96, 31, 46, 8
2017/1/18, 157, , 80, 22, 30, 5
2017/1/19, 162, , 76, 20, 24, 5
2017/1/20, 151, , 68, 29, 31, 15
2017/1/21, 168, , 93, 36, 27, 13
2017/1/22, 189, , 99, 36, 36, 21
2017/1/23, 186, , 79, 51, 33, 23
2017/1/24, 198, , 51, 83, 60, 32
2017/1/25, 375, , 81, 47, 39, 6
2017/1/26, 171, , 71, 62, 22, 10
2017/1/27, 127, , 77, 53, 35, 6
2017/1/28, 139, , 104, 61, 33, 9
2017/1/29, 152, , 100, 74, 38, 19
2017/1/30, 182, , 111, 80, 56, 18
2017/1/31, 188, , 93, 80, 32, 22
2017/2/1, 230, , 104, 77, 42, 22
2017/2/2, 303, , 105, 76, 41, 19
2017/2/3, 202, , 79, 55, 47, 9
2017/2/4, 208, , 97, 31, 29, 3
2017/2/5, 115, , 104, 62, 38, 15
2017/2/6, 203, , 104, 70, 44, 9
2017/2/7, 188, , 122, 80, 40, 12
2017/2/8, 212, , 15, 66, 49, 7
2017/2/9, 167, , 55, 43, 29, 5
2017/2/10, 160, , 101, 54, 37, 8
2017/2/11, 170, , 120, 54, 40, 7
2017/2/12, 223, , 82, 51, 28, 7
2017/2/13, 171, , 104, 55, 26, 8
2017/2/14, 211, , 101, 59, 24, 15
2017/2/15, 225, , 106, 64, 36, 12
2017/2/16, 217, , 106, 72, 38, 10
2017/2/17, 224, , 109, 78, 51, 20
2017/2/18, 196, , 154, 84, 39, 19
2017/2/19, 265, , 55, 41, 39, 9
2017/2/20, 166, , 73, 37, 34, 5
2017/2/21, 219, , 61, 46, 33, 7
2017/2/22, 151, , 50, 40, 44, 13
2017/2/23, 197, , 20, 76, 48, 18
2017/2/24, 190, , 117, 66, 43, 14
2017/2/25, 165, , 114, 69, 57, 18
2017/2/26, 182, , 124, 74, 44, 25
2017/2/27, 249, , 132, 83, 46, 21
2017/2/28, 243, , 129, 74, 42, 12
2017/3/1, 212, , 79, 49, 29, 5
2017/3/2, 152, , 119, 58, 34, 8
2017/3/3, 153, , 80, 37, 29, 5
2017/3/4, 163, , 122, 57, 39, 9
2017/3/5, 221, , 108, 63, 39, 13
2017/3/6, 174, , 122, 69, 40, 11
2017/3/7, 180, , 38, 36, 27, 5
2017/3/8, 167, , 43, 32, 49, 5
2017/3/9, 164, , 50, 33, 42, 4
2017/3/10, 130, , 105, 33, 28, 3
2017/3/11, 159, , 112, 55, 49, 9
2017/3/12, 197, , 114, 53, 40, 11
2017/3/13, 181, , 103, 56, 29, 8
2017/3/14, 147, , 111, 53, 35, 8
2017/3/15, 141, , 153, 70, 42, 10
2017/3/16, 165, , 84, 53, 47, 14
2017/3/17, 176, , 53, 32, 47, 4
2017/3/18, 215, , 54, 41, 47, 5
2017/3/19, 157, , 80, 60, 56, 15
2017/3/20, 165, , 113, 68, 44, 19
2017/3/21, 208, , 144, 69, 73, 21
2017/3/22, 338, , 38, 29, 41, 4
2017/3/23, 152, , , , , 
2016/10/1, 91, , 35, 7, 22, 10
2016/10/2, 124, , 103, 7, 21, 11
2016/10/3, 158, , 4, 3, 8, 7
2016/10/4, 152, , 4, 6, 22, 14
2016/10/5, 123, , 7, 5, 24, 15
2016/10/6, 160, , 57, 6, 10, 15
2016/10/7, 171, , 64, 8, 9, 17
2016/10/8, 193, , 42, 5, 20, 12
2016/10/9, 172, , 25, 5, 13, 9
2016/10/10, 161, , 26, 3, 14, 7
2016/10/11, 131, , 42, 5, 11, 8
2016/10/12, 127, , 39, 8, 48, 13
2016/10/13, 115, , 94, 15, 59, 19
2016/10/14, 211, , 88, 18, 57, 32
2016/10/15, 235, , 48, 12, 38, 26
2016/10/16, 196, , 85, 17, 18, 31
2016/10/17, 216, , 58, 12, 23, 14
2016/10/18, 171, , 51, 9, 25, 10
2016/10/19, 176, , 77, 9, 31, 20
2016/10/20, 160, , 84, 9, 33, 15
2016/10/21, 190, , 81, 10, 28, 14
2016/10/22, 192, , 74, 7, 27, 11
2016/10/23, 164, , 68, 8, 43, 10
2016/10/24, 157, , 54, 7, 29, 10
2016/10/25, 160, , 75, 11, 60, 19
2016/10/26, 186, , 76, 14, 30, 33
2016/10/27, 203, , 83, 17, 44, 33
2016/10/28, 306, , 68, 21, 50, 47
2016/10/29, 487, , 109, 16, 29, 44
2016/10/30, 497, , 92, 13, 30, 22
2016/10/31, 453, , 114, 12, 24, 19
2016/11/1, 430, , 113, 13, 21, 22
2016/11/2, 266, , 118, 11, 19, 18
2016/11/3, 224, , 102, 15, 48, 30
2016/11/4, 237, , 119, 20, 35, 52
2016/11/5, 315, , 154, 19, 39, 45
2016/11/6, 401, , 93, 16, 30, 32
2016/11/7, 254, , 102, 21, 61, 32
2016/11/8, 187, , 64, 63, 42, 36
2016/11/9, 236, , 156, 64, 41, 46
2016/11/10, 313, , 133, 61, 48, 32
2016/11/11, 245, , 113, 61, 45, 28
2016/11/12, 381, , 140, 44, 33, 17
2016/11/13, 369, , 139, 24, 35, 13
2016/11/14, 562, , 92, 15, 24, 48
2016/11/16, 125, , 84, 54, 14, 15
2016/11/17, 179, , 79, 84, 23, 26
2016/11/18, 287, , 147, 100, 25, 33
2016/11/19, 354, , 93, 89, 23, 38
2016/11/20, 249, , 55, 82, 26, 43
2016/11/21, 242, , 123, 25, 16, 37
2016/11/22, 214, , 78, 22, 21, 30
2016/11/23, 335, , 73, 20, 36, 22
2016/11/24, 207, , 65, 17, 32, 47
2016/11/25, 175, , 80, 18, 33, 28
2016/11/26, 175, , 64, 16, 16, 59
2016/11/27, 222, , 86, 19, 25, 54
2016/11/28, 215, , 88, 27, 26, 33
2016/11/29, 241, , 111, 16, 25, 27
2016/11/30, 183, , 142, 16, 13, 13
2016/12/1, 159, , 77, 24, 20, 6
2016/12/2, 272, , 65, 11, 6, 2
2016/12/3, 240, , 106, 13, 6, 3
2016/12/4, 182, , 99, 13, 10, 8
2016/12/5, 256, , 98, 15, 11, 11
2016/12/6, 254, , 108, 20, 16, 15
2016/12/7, 212, , 102, 26, 17, 20
2016/12/8, 190, , 95, 39, 26, 32
2016/12/9, 302, , 153, 59, 33, 66
2016/12/10, 382, , 76, 45, 20, 41
2016/12/11, 282, , 59, 31, 34, 17
2016/12/12, 182, , 69, 32, 48, 10
2016/12/13, 156, , , , , 
2016/12/15, 167, , 93, 37, 26, 25
2016/12/16, 188, , 71, 36, 23, 20
2016/12/17, 197, , 127, 37, 34, 17
2016/12/18, 235, , 101, 37, 24, 22
2016/12/19, 87, , 3, 66, 28, 61
2016/12/20, 242, , 97, 39, 25, 27
2016/12/21, 247, , 102, 37, 23, 23
2016/12/22, 91, , 153, 28, 35, 35
2016/12/23, 294, , 96, 20, 21, 25
2016/12/24, 234, , 78, 19, 12, 14
2016/12/25, 178, , 94, 23, 23, 11
2016/12/26, 186, , 83, 26, 21, 19
2016/12/27, 269, , 88, 25, 18, 16
2016/12/28, 228, , 17, 14, 9, 25
2016/12/29, 197, , 102, 29, 22, 44
2016/12/30, 246, , 143, 49, 25, 23
2016/12/31, 222, , 112, 34, 19, 15
2017/1/1, 193, , 90, 36, 27, 20
2016/7/1, 91, , 22, 5, 1, 6
2016/7/2, 71, , 36, 4, 1, 6
2016/7/3, 97, , 9, 2, 2, 11
2016/7/4, 118, , 19, 2, 1, 9
2016/7/5, 137, , 22, 1, 2, 5
2016/7/6, 134, , , , , 
2016/7/11, 105, , , , , 
2016/7/14, 112, , , 34, 26, 7
2016/7/15, 102, , , 32, 21, 7
2016/7/16, 111, , , 30, 21, 8
2016/7/17, 95, , , 33, 19, 8
2016/7/18, 87, , , 41, 19, 8
2016/7/19, 131, , , 20, 26, 6
2016/7/20, 90, , , 30, 18, 6
2016/7/21, 97, , , 23, 24, 6
2016/7/22, 92, , , 27, 17, 5
2016/7/23, 85, , , , , 
2016/7/25, 106, , , 33, 19, 7
2016/7/26, 124, , 6, 21, 19, 13
2016/7/27, 122, , 6, 21, 19, 8
2016/7/28, 113, , 4, 27, 18, 8
2016/7/29, 115, , 4, 28, 19, 7
2016/7/30, 92, , 4, 26, 20, 6
2016/7/31, 114, , 4, 28, 20, 7
2016/8/1, 99, , 4, 27, 21, 7
2016/8/2, 86, , 7, 26, 17, 9
2016/8/3, 103, , 6, 12, 17, 11
2016/8/4, 144, , 6, 12, 25, 9
2016/8/5, 96, , , , , 
2016/8/7, 999, , 1, 27, 16, 9
2016/8/8, 184, , 5, 21, 19, 8
2016/8/9, 109, , 6, 17, 20, 10
2016/8/10, 62, , 10, 16, 19, 10
2016/8/11, 27, , 17, 13, 20, 9
2016/8/12, 92, , 20, 12, 19, 7
2016/8/13, 113, , 17, 11, 19, 6
2016/8/14, 144, , 13, 12, 21, 6
2016/8/15, 116, , 14, 18, 18, 8
2016/8/16, 214, , 14, 15, 21, 7
2016/8/17, 104, , 24, 9, 21, 7
2016/8/18, 105, , 21, 12, 19, 8
2016/8/19, 101, , 8, 15, 22, 11
2016/8/20, 130, , 7, 13, 21, 10
2016/8/21, 117, , 15, 15, 33, 11
2016/8/22, 145, , 6, 11, 21, 9
2016/8/23, 131, , 17, 9, 34, 8
2016/8/24, 92, , 13, 10, 23, 8
2016/8/25, 95, , 14, 9, 22, 9
2016/8/26, 101, , 24, 7, 47, 9
2016/8/27, 140, , 20, 10, 55, 8
2016/8/28, 128, , 14, 8, 31, 10
2016/8/29, 141, , 41, 11, 25, 10
2016/8/30, 144, , 17, 6, 23, 9
2016/8/31, 135, , 19, 6, 21, 8
2016/9/1, 103, , 22, 7, 23, 8
2016/9/2, 138, , 25, 7, 22, 8
2016/9/3, 113, , 24, 6, 24, 7
2016/9/4, 118, , 25, 7, 24, 7
2016/9/5, 111, , 20, 6, 23, 7
2016/9/6, 110, , 25, 6, 22, 10
2016/9/7, 136, , 31, 8, 25, 8
2016/9/8, 110, , 25, 8, 26, 7
2016/9/9, 115, , 23, 6, 21, 6
2016/9/10, 104, , 24, 7, 22, 6
2016/9/11, 77, , 27, 9, 20, 8
2016/9/12, 101, , 53, 8, 26, 9
2016/9/13, 114, , 37, 12, 23, 13
2016/9/14, 143, , 38, 9, 24, 13
2016/9/15, 141, , 48, 12, 25, 12
2016/9/16, 147, , 42, 8, 19, 9
2016/9/17, 136, , , , , 
2016/9/21, 118, , 17, 7, 22, 12
2016/9/22, 108, , 29, 7, 25, 9
2016/9/23, 117, , 27, 5, 25, 6
2016/9/24, 94, , 23, 4, 22, 5
2016/9/25, 100, , 24, 5, 22, 7
2016/9/26, 96, , 26, 5, 20, 7
2016/9/27, 91, , 27, 4, 21, 7
2016/9/28, 109, , 34, 5, 24, 8
2016/9/29, 115, , 22, 5, 18, 6
2016/9/30, 106, , 16, 5, 19, 9
2016/6/28, 91, , 134, 27, 1, 8
2016/6/29, 110, , 38, 11, 1, 7
2016/6/30, 92, , 26, 7, 1, 7
2015/10/1, 155, , 57, 34, 27, 37
2015/10/2, 177, , 31, 25, 30, 18
2015/10/3, 194, , 67, 11, 9, 10
2015/10/4, 161, , , , , 
2015/10/7, 176, , 47, 31, 29, 8
2015/10/8, 151, , 127, 34, 28, 9
2015/10/9, 211, , 51, 26, 68, 22
2015/10/10, 190, , 8, 21, 31, 17
2015/10/11, 166, , 39, 31, 34, 23
2015/10/12, 177, , 32, 31, 31, 33
2015/10/13, 214, , 19, 25, 21, 25
2015/10/14, 175, , 23, 30, 25, 25
2015/10/15, 177, , 73, 30, 30, 26
2015/10/16, 174, , 293, 31, 33, 29
2015/10/17, 213, , 303, 36, 43, 56
2015/10/18, 234, , 127, 34, 40, 26
2015/10/19, 228, , 6, 34, 71, 28
2015/10/20, 254, , 213, 29, 41, 28
2015/10/21, 166, , 7, 25, 28, 15
2015/10/22, 173, , 10, 53, 36, 49
2015/10/23, 179, , 58, 31, 28, 22
2015/10/24, 168, , 44, 36, 44, 34
2015/10/25, 209, , , , , 
2015/10/27, 198, , 23, 28, 47, 10
2015/10/28, 184, , 80, 31, 11, 11
2015/10/29, 128, , , , , 
2015/10/31, 113, , , , , 
2015/11/3, 165, , , , , 
2015/11/5, 201, , 55, 28, 52, 10
2015/11/6, 212, , 81, 9, 52, 5
2015/11/7, 283, , , 65, 35, 31
2015/11/8, 235, , , , , 
2015/7/1, 13, , 12, 11, 8, 7
2015/7/2, 142, , 11, 9, 7, 5
2015/7/3, 142, , 11, 8, 13, 
2015/7/4, 138, , 10, 9, 10, 4
2015/7/5, 131, , 7, 8, 8, 8
2015/7/6, 136, , 6, 9, 14, 9
2015/7/7, 135, , 5, 7, 12, 4
2015/7/8, 121, , 9, , 13, 5
2015/7/9, 137, , 10, , 16, 5
2015/7/10, 140, , 9, , 14, 7
2015/7/11, 233, , 10, , 15, 3
2015/7/12, 175, , 6, , 10, 2
2015/7/13, 193, , 3, , 5, 
2015/7/14, 201, , 3, 1, 4, 5
2015/7/15, 128, , 11, 4, 9, 5
2015/7/16, 143, , 8, 4, 10, 5
2015/7/17, 142, , 13, 6, 22, 6
2015/7/18, 140, , 12, 7, 14, 6
2015/7/19, 110, , 6, 6, 11, 6
2015/7/20, 107, , 3, 6, 1, 8
2015/7/21, 138, , 3, 7, 17, 8
2015/7/22, 150, , 6, 6, 14, 2
2015/7/23, 110, , 6, 5, 9, 3
2015/7/24, 84, , 4, 4, 9, 1
2015/7/25, 94, , 1, 4, 8, 2
2015/7/26, 130, , 5, 5, 7, 2
2015/7/27, 65, , 5, 7, 11, 5
2015/7/28, 69, , 3, 9, 16, 8
2015/7/29, 99, , 3, 6, 9, 2
2015/7/30, 100, , 3, 4, 10, 2
2015/7/31, 104, , 5, 6, 6, 2
2015/8/1, 120, , 5, 7, 10, 2
2015/8/2, 115, , 7, 5, 11, 4
2015/8/3, 112, , 9, 11, 4, 4
2015/8/4, 90, , 7, 10, 5, 4
2015/8/5, 110, , 15, 10, 3, 5
2015/8/6, 115, , 16, 13, 5, 8
2015/8/7, 132, , 14, 18, 12, 7
2015/8/8, 116, , 12, 18, 11, 7
2015/8/9, 108, , 33, 15, 8, 7
2015/8/10, 118, , 20, 15, 7, 7
2015/8/11, 128, , 13, 9, 5, 5
2015/8/12, 114, , 22, 10, 8, 5
2015/8/13, 120, , , , , 
2015/8/15, 91, , 18, 9, 5, 5
2015/8/16, 105, , 10, 9, 4, 5
2015/8/17, 101, , 9, 9, 5, 4
2015/8/18, 102, , , , , 
2015/8/20, 105, , , 9, 1, 4
2015/8/21, 100, , 47, 13, 19, 11
2015/8/22, 100, , 190, 13, 17, 6
2015/8/23, 119, , 249, 13, 17, 8
2015/8/24, 98, , 148, 13, , 8
2015/8/25, 132, , , , , 
2015/8/31, 84, , 12, 13, 5, 7
2015/9/1, 154, , 26, 13, 10, 8
2015/9/2, 149, , 35, 13, 9, 8
2015/9/3, 150, , 40, 13, 13, 10
2015/9/4, 148, , 45, 13, 13, 8
2015/9/5, 127, , 73, 13, 10, 5
2015/9/6, 93, , 150, 13, 10, 7
2015/9/7, 88, , 45, 13, 22, 6
2015/9/8, 54, , 17, 52, 14, 24
2015/9/9, 137, , 23, 10, 20, 11
2015/9/10, 109, , 32, 14, 16, 11
2015/9/11, 144, , 31, 10, 12, 8
2015/9/12, 124, , 124, 8, 17, 6
2015/9/13, 118, , 82, 10, 14, 1
2015/9/14, 108, , 181, 9, 10, 1
2015/9/15, 114, , 123, 8, 11, 2
2015/9/16, 88, , 70, 12, 12, 1
2015/9/17, 106, , 149, 11, 10, 1
2015/9/18, 103, , 101, 9, 18, 1
2015/9/19, 75, , , , , 
2015/9/21, 73, , 10, 9, 6, 1
2015/9/22, 153, , 6, 8, 4, 2
2015/9/23, 152, , 13, 9, 11, 1
2015/9/24, 125, , 12, 26, 5, 1
2015/9/25, 124, , 36, 12, 10, 
2015/9/26, 84, , 46, 12, 13, 2
2015/9/27, 15, , 95, 19, 19, 5
2015/9/28, 13, , 43, 29, 18, 
2015/9/29, 50, , 49, 31, 22, 4
2015/9/30, 154, , 24, 41, 20, 36
2015/4/1, 163, , 89, 17, 86, 12
2015/4/2, 158, , 49, 16, 97, 13
2015/4/3, 129, , 47, 11, 45, 7
2015/4/4, 160, , 5, 14, 41, 12
2015/4/5, 209, , 31, 14, 37, 6
2015/4/6, 185, , 70, 17, 72, 9
2015/4/7, 195, , 49, 16, 60, 10
2015/4/8, 189, , 59, 17, 60, 4
2015/4/9, 158, , 6, 21, 39, 18
2015/4/10, 192, , 5, 12, 11, 7
2015/4/11, 150, , , , , 
2015/4/13, 217, , 96, 21, 34, 14
2015/4/14, 130, , 91, 24, 19, 27
2015/4/15, 173, , 90, 34, 41, 35
2015/4/16, 211, , 115, 32, 39, 32
2015/4/17, 181, , 16, 20, 53, 11
2015/4/18, 183, , , , , 
2015/4/21, 173, , 61, 9, 26, 4
2015/4/22, 152, , 87, 14, 59, 7
2015/4/23, 152, , 51, 17, 48, 10
2015/4/24, 161, , 34, 14, 77, 8
2015/5/13, 157, , 34, 27, 18, 10
2015/5/14, 173, , 62, 25, 74, 18
2015/5/15, 196, , 77, 19, 17, 22
2015/5/16, 187, , 47, 9, 19, 5
2015/5/17, 169, , 53, 10, 33, 8
2015/5/18, 184, , 38, 14, 47, 11
2015/5/19, 117, , 27, 12, 20, 9
2015/5/20, 77, , 25, 12, 35, 7
2015/5/21, 139, , 29, 10, 41, 21
2015/5/22, 179, , 20, 8, 19, 39
2015/5/23, 106, , 23, 8, 27, 7
2015/5/24, 122, , 30, 8, 19, 9
2015/5/25, 138, , 100, 10, 12, 8
2015/5/26, 132, , 112, 10, 12, 8
2015/5/27, 123, , 57, 17, 11, 11
2015/5/28, 149, , 28, 16, 20, 18
2015/5/29, 141, , 31, 10, 39, 11
2015/5/30, 156, , 44, 8, 28, 6
2015/5/31, 128, , 15, 8, 39, 7
2015/6/1, 149, , 10, 7, 16, 9
2015/6/2, 117, , 31, 9, 8, 7
2015/6/3, 163, , 83, 18, 43, 14
2015/6/4, 52, , 65, 15, 33, 9
2015/6/5, 163, , 97, 17, 42, 10
2015/6/6, 166, , 77, 14, 45, 8
2015/6/7, 165, , 13, 15, 15, 14
2015/6/8, 131, , 12, 10, 5, 11
2015/6/9, 118, , 7, 15, 1, 12
2015/6/10, 135, , 9, 10, , 8
2015/6/11, 123, , 14, 11, 2, 9
2015/6/12, 133, , 5, 13, 1, 9
2015/6/13, 134, , 4, 10, 1, 7
2015/6/14, 113, , 7, 15, 1, 9
2015/6/15, 132, , 9, 15, 1, 8
2015/6/16, 118, , 25, 13, 3, 9
2015/6/17, 104, , 12, 12, 5, 9
2015/6/18, 110, , 17, 13, 5, 11
2015/6/19, 111, , 20, 11, 5, 9
2015/6/20, 104, , 21, 9, 7, 9
2015/6/21, 77, , 14, 10, 4, 10
2015/6/22, 95, , 11, 10, 6, 10
2015/6/23, 81, , 6, 9, 14, 9
2015/6/24, 53, , 4, 8, 17, 9
2015/6/25, 139, , 6, 11, 13, 2
2015/6/26, 160, , 11, 9, 15, 7
2015/6/27, 157, , 12, 8, 18, 3
2015/6/28, 141, , 9, 10, 7, 1
2015/6/29, 197, , 6, 10, 9, 
2015/6/30, 103, , 10, 9, 9, 
2015/1/28, 160, , 74, 36, 44, 20
2015/1/29, 163, , 180, 26, 48, 9
2015/1/30, 158, , 161, 19, 51, 5
2015/1/31, 213, , 274, 59, 73, 72
2015/2/1, 220, , 219, 34, 72, 30
2015/2/2, 233, , 299, 30, 50, 39
2015/2/3, 220, , 90, 23, 40, 23
2015/2/5, 132, , 63, 19, 46, 6
2015/2/6, 156, , 112, 21, 52, 8
2015/2/7, 160, , 46, 25, 63, 8
2015/2/9, 185, , 71, 21, 45, 9
2015/2/10, 168, , 88, 16, 35, 8
2015/2/11, 149, , 96, 19, 60, 16
2015/2/12, 140, , 43, 28, 65, 19
2015/2/13, 175, , , 29, 74, 6
2015/2/14, 209, , 75, 41, 69, 20
2015/2/15, 183, , 42, 21, 59, 8
2015/2/16, 172, , 44, 28, 58, 37
2015/2/17, 170, , 36, 20, 50, 29
2015/2/18, 166, , 77, 15, 29, 6
2015/2/20, 206, , 111, 34, 88, 47
2015/2/21, 309, , 73, 41, 67, 33
2015/2/22, 211, , 89, 41, 57, 42
2015/2/23, 278, , 98, 46, 72, 45
2015/2/24, 189, , 86, 26, 57, 16
2015/2/25, 115, , 82, 7, 38, 5
2015/3/3, 166, , 82, 25, 42, 15
2015/3/4, 171, , 91, 27, 62, 20
2015/3/5, 225, , 79, 38, 66, 22
2015/3/9, 192, , 67, 28, 32, 12
2015/3/10, 178, , 103, 23, 44, 11
2015/3/11, 184, , 97, 24, 57, 9
2015/3/12, 173, , 78, 19, 60, 7
2015/3/13, 172, , 40, 24, 61, 11
2015/3/14, 159, , 66, 24, 57, 12
2015/3/15, 126, , 59, 11, 58, 5
2015/3/16, 86, , 90, 13, 39, 4
2015/3/17, 151, , 60, 26, 68, 7
2015/3/18, 144, , 96, 35, 38, 28
2015/3/19, 181, , 64, 25, 53, 13
2015/3/20, 162, , 76, 44, 46, 41
2015/3/21, 183, , 117, 38, 57, 13
2015/3/22, 193, , 58, 40, 68, 44
2015/3/23, 228, , 43, 44, 65, 32
2015/3/24, 216, , 76, 28, 67, 28
2015/3/25, 222, , 109, 30, 57, 29
2015/3/26, 228, , 138, 41, 70, 23
2015/3/27, 201, , 15, 20, 21, 11
2015/3/28, 261, , 66, 48, , 31
2015/3/29, 277, , 94, 20, 84, 10
2015/3/30, 200, , 49, 18, 63, 6
2015/3/31, 200, , 131, 20, 68, 10
2014/10/6, 167, , 222, 11, 20, 14
2014/10/7, 133, , 70, 10, 22, 14
2014/10/8, 126, , , , , 
2014/10/10, 177, , 105, 27, 52, 26
2014/10/11, 206, , 87, 28, 59, 32
2014/10/12, 194, , 112, 29, 61, 29
2014/10/13, 182, , 95, 33, 71, 23
2014/10/14, 195, , 90, 25, 57, 32
2014/10/15, 194, , 13, 48, 53, 87
2014/10/16, 278, , 60, 40, 41, 34
2014/10/17, 200, , 49, 39, 64, 29
2014/10/18, 16, , 125, 27, 73, 31
2014/10/19, 13, , , , , 
2014/10/21, 219, , 96, 31, 45, 54
2014/10/22, 223, , 117, 28, 56, 53
2014/10/23, 325, , 104, 26, 79, 47
2014/10/24, 423, , , , , 
2014/10/26, 151, , , , , 
2014/11/1, 190, , , , , 
2014/11/11, 200, , , , , 
2014/9/16, 69, , 29, 4, 5, 9
2014/9/17, 121, , 26, 7, 13, 9
2014/9/18, 122, , 21, 7, 10, 7
2014/9/19, 110, , 21, 14, 23, 8
2014/9/20, 146, , 25, 6, 35, 6
2014/9/21, 119, , 27, 8, 56, 7
2014/9/22, 125, , 41, 7, 46, 7
2014/9/23, 123, , 23, 6, 32, 4
2014/9/24, 105, , 23, 7, 46, 9
2014/9/25, 111, , 37, 7, 43, 10
2014/9/26, 131, , 54, 9, 41, 11
2014/9/27, 154, , 50, 8, 42, 6
2014/9/28, 130, , , , , 
2019/12/31, , 88, 9, 5, 12, 7
2019/5/13, , 93, 19, 60, 43, 2
2019/9/12, , , 4, 22, 33, 18
2019/4/27, , , 43, 21, 18, 7
2018/12/31, , , 47, 51, 39, 4
2018/11/29, , , 29, 45, 24, 11
2018/12/6, , , 22, 50, 31, 4
2018/12/14, , , 34, 22, 10, 4
2018/4/2, , , 18, 10, 21, 5
2018/2/24, , , 17, 56, 44, 12
2018/3/26, , , 3, 37, 46, 25
2017/10/9, , , 7, 15, 4, 9
2017/10/19, , , 65, 46, 61, 15
2017/10/30, , , 68, 40, 51, 23
2017/9/25, , , 22, 10, 21, 2
2017/9/27, , , 6, 12, 13, 3
2016/11/15, , , 27, 54, 22, 13
2016/12/14, , , 86, 37, 29, 21
2016/7/10, , , 14, 2, 2, 10
2016/8/6, , , , 30, 21, 6
2016/9/20, , , 12, 9, 16, 11
2016/6/27, , , 95, 29, 2, 7
2015/10/6, , , 77, 42, 21, 9
2015/10/26, , , 38, 52, 40, 57
2015/10/30, , , 84, 7, 29, 9
2015/11/4, , , 18, 15, 45, 7
2015/8/14, , , 22, 9, 3, 4
2015/8/19, , , 13, 9, 5, 5
2015/8/30, , , 12, 14, 9, 6
2015/9/20, , , 7, 11, 12, 1
2015/4/12, , , 71, 18, 14, 11
2015/4/20, , , 56, 10, 14, 10
2015/4/25, , , 44, 13, 65, 1
2015/4/26, , , 44, 15, 93, 3
2015/4/27, , , 33, 9, 64, 
2015/4/28, , , 19, 19, 61, 12
2015/4/29, , , 21, 15, 121, 10
2015/4/30, , , 24, 17, 53, 9
2015/5/1, , , 76, 14, 77, 9
2015/5/2, , , 159, 20, 47, 16
2015/5/3, , , 169, 10, 45, 34
2015/5/4, , , 118, , 39, 34
2015/5/5, , , 51, 12, 27, 7
2015/5/6, , , 37, 18, 24, 6
2015/5/7, , , 34, 17, 19, 10
2015/5/8, , , 39, 16, 42, 16
2015/5/9, , , 36, 15, 57, 8
2015/5/10, , , 34, 15, 34, 8
2015/5/11, , , 35, 14, 12, 19
2015/5/12, , , 27, 18, 36, 16
2015/1/2, , , 49, 21, 37, 38
2015/1/3, , , 14, 23, 32, 23
2015/1/4, , , 17, 15, 20, 5
2015/1/9, , , 27, 43, 48, 34
2015/1/16, , , 84, 18, 21, 5
2014/10/5, , , 212, 25, 5, 31
2014/10/9, , , 55, 24, 35, 14
2014/10/20, , , 49, 36, 39, 62
2014/10/25, , , 105, 6, 68, 
2014/10/31, , , 63, 28, 32, 32
2014/11/10, , , 124, 12, , 
2014/12/1, , , 36, 32, 80, 9
2014/12/6, , , 116, 15, 20, 3
2014/12/8, , , 52, 21, 52, 2
2014/12/9, , , 5, 47, 67, 15
2014/12/10, , , 127, 16, 38, 6
2014/12/12, , , 81, 26, 31, 9
2014/12/13, , , 121, 32, 38, 15
2014/12/14, , , 106, 36, 50, 28
2014/12/15, , , 108, 26, 48, 3
2014/12/16, , , 69, 31, 35, 11
2014/12/17, , , 100, 13, 47, 6
2014/12/18, , , 110, 14, 34, 4
2014/12/19, , , 89, 15, 25, 6
2014/12/20, , , 129, 7, 31, 4
2014/12/22, , , 11, 42, 41, 18
2014/12/23, , , 103, 31, 38, 29
2014/12/24, , , 297, 45, 34, 68
2014/9/15, , , 22, 2, 4, 
2017/10/17, , , , 59, 41, 2
2016/7/13, , , , 45, 27, 10
2016/7/24, , , , 43, 27, 10
2015/11/2, , , , 11, 20, 9
2014/12/25, , , , 72, 63, 88